ticker,date,signals_met,total_score,current_price,volume,step1_signal,step1_score,step1_red_volume_ratio,step1_red_day_avg_volume,step1_green_day_avg_volume,step1_20d_avg_volume,step1_red_day_count,step1_green_day_count,step1_price_above_ema,step2_signal,step2_score,step2_rsi,step2_rsi_divergence,step2_rsi_in_accumulation_zone,step2_macd_histogram,step2_macd_histogram_prev,step2_macd_improving_from_negative,step2_macd_histogram_positive,step2_macd_turning_positive,step2_obv_rising,step3_signal,step3_score,step3_rs_slope,step3_rs_slope_recent,step3_rs_just_turned_positive,step3_outperformance,step3_stock_change_20d
CERT,2026-01-16,3,23,9.520000457763672,2029000,True,7,0.665,1398471.0,2481454.0,2102410.0,7,13,True,True,6,63.32,True,True,0.0671,0.0633,False,True,True,True,True,10,6.125e-05,0.00028182,True,2.3,7.45
CNDT,2026-01-16,2,22,2.069999933242798,749300,False,5,0.876,1022700.0,1245746.0,1167680.0,7,13,True,True,8,58.18,True,True,0.0144,0.0129,False,True,True,True,True,9,1.081e-05,5.375e-05,False,1.73,4.02
CCK,2026-01-16,2,21,104.77999877929688,867600,False,5,0.862,985867.0,1273900.0,1144285.0,9,11,True,True,6,55.9,False,True,-0.0969,-0.1021,True,False,True,True,True,10,7.17e-06,0.00077229,True,0.5,0.46
CFG,2026-01-16,3,21,60.61000061035156,5316000,True,6,0.793,3250222.0,4794227.0,4099425.0,9,11,True,True,6,54.24,False,True,-0.2367,-0.2535,True,False,True,True,True,9,9.032e-05,0.00069473,False,0.4,3.41
BGC,2026-01-16,2,20,8.949999809265137,1384300,False,4,0.913,1825480.0,2171920.0,1998700.0,10,10,True,True,8,45.45,True,True,-0.0148,-0.0277,True,False,True,True,True,8,0.00010646,0.00023047,False,3.26,0.45
BHVN,2026-01-16,2,20,11.920000076293945,3326700,False,5,0.869,3202890.0,4167440.0,3685165.0,10,10,True,True,7,56.81,True,True,0.1006,0.0766,False,True,True,True,True,8,0.00023405,0.00070365,True,7.55,9.66
BLV,2026-01-16,2,20,70.2699966430664,824600,False,4,0.98,820825.0,848175.0,837235.0,8,12,True,True,7,55.8,True,True,0.0843,0.0753,False,True,True,True,True,9,0.0002736,0.00032814,False,0.66,1.11
CBSH,2026-01-16,2,20,54.560001373291016,1151900,False,4,0.991,1058262.0,1074308.0,1067890.0,8,12,True,True,7,60.7,True,True,0.0619,0.0246,False,True,True,True,True,9,0.0004312,0.00095896,False,1.58,2.61
CLOV,2026-01-16,2,20,2.619999885559082,6987900,False,4,0.979,4953655.0,5191833.0,5060835.0,11,9,True,True,7,53.72,True,True,0.0258,0.0303,False,True,True,True,True,9,3.502e-05,6.183e-05,False,1.03,0.77
CM,2026-01-16,2,20,92.04000091552734,600400,False,4,0.921,1283610.0,1505160.0,1394385.0,10,10,True,True,8,47.45,True,True,-0.2649,-0.3254,True,False,True,True,True,8,0.00053763,0.00043489,False,1.69,0.49
CMA,2026-01-16,2,20,91.51000213623047,1443300,False,5,0.863,1158464.0,1568622.0,1343035.0,11,9,True,True,6,60.0,False,True,-0.2371,-0.2691,True,False,True,True,True,9,0.00020344,0.0015151,False,0.26,3.86
CNNE,2026-01-16,2,20,16.209999084472656,366100,False,4,0.913,582070.0,692750.0,637410.0,10,10,True,True,8,57.71,True,True,0.072,0.0729,False,True,True,True,True,8,0.00012368,-1.742e-05,False,1.83,1.5
BV,2026-01-16,1,19,13.3100004196167,471000,False,4,0.941,490675.0,541525.0,521185.0,8,12,True,False,5,61.27,False,True,0.023,0.0043,False,True,True,True,True,10,4.615e-05,0.0003311,True,1.48,3.34
BXMT,2026-01-16,1,19,19.5,1609300,False,5,0.878,1311083.0,1767775.0,1493760.0,12,8,True,True,9,52.39,True,True,-0.0404,-0.0679,True,False,True,True,False,5,6.581e-05,0.00049952,False,0.52,-1.65
BYD,2026-01-16,2,19,89.55999755859375,812200,True,7,0.687,541950.0,1036480.0,789215.0,10,10,True,False,3,65.11,True,False,0.0525,-0.0336,False,True,True,False,True,9,0.00058225,0.00124533,False,2.13,5.07
CNM,2026-01-16,2,19,57.86000061035156,2792600,True,6,0.746,1341912.0,2104033.0,1799185.0,8,12,True,False,4,63.48,True,True,0.2105,0.1381,False,True,True,True,True,9,0.00044778,0.00123087,False,2.44,9.03
BKE,2026-01-16,1,18,52.970001220703125,602000,False,4,0.975,544342.0,579338.0,558340.0,12,8,True,False,5,61.12,True,True,0.2034,0.147,False,True,True,False,True,9,0.00029291,0.00073475,False,1.78,0.18
BMEA,2026-01-16,2,18,1.3949999809265137,2489600,False,4,0.901,1067700.0,1263825.0,1185375.0,8,12,True,True,8,55.61,True,True,0.0219,0.0323,False,True,True,True,True,6,1.85e-05,-8.787e-05,False,-1.5,3.33
BMY,2026-01-16,1,18,56.619998931884766,11844600,False,5,0.821,11807156.0,16490718.0,14383115.0,9,11,True,False,4,66.41,True,False,0.0415,0.0553,False,True,True,True,True,9,0.00049897,0.00059468,False,1.62,6.98
BP,2026-01-16,2,18,35.150001525878906,10716300,False,4,0.952,9060371.0,9761092.0,9515840.0,7,13,True,True,6,55.83,True,True,0.1223,0.1249,False,True,True,True,True,8,0.00051325,-9.535e-05,False,2.77,1.97
BSCU,2026-01-16,1,18,16.93000030517578,606900,False,5,0.874,989500.0,1227567.0,1132340.0,8,12,True,False,5,52.0,True,True,-0.0027,-0.0018,False,False,False,True,True,8,3.993e-05,1.976e-05,False,0.32,0.31
CAN,2026-01-16,2,18,0.8199999928474426,43601900,False,4,0.993,17409014.0,17793050.0,17524225.0,14,6,True,True,7,54.53,True,True,0.0196,0.0225,False,True,True,True,True,7,1.748e-05,-2.752e-05,False,4.06,5.13
CDNA,2026-01-16,2,18,20.56999969482422,724900,False,4,0.926,700764.0,824578.0,756480.0,11,9,True,True,6,54.71,False,True,0.0656,0.0056,False,True,True,True,True,8,0.00099129,0.00030663,True,20.35,5.54
CGUS,2026-01-16,1,18,40.9900016784668,1173200,False,4,0.994,1076678.0,1088173.0,1083000.0,9,11,True,False,4,58.73,False,True,0.025,0.0327,False,True,True,False,True,10,-2.81e-06,2.926e-05,True,0.07,4.2
CLM,2026-01-16,1,18,8.329999923706055,2444700,False,5,0.877,1961450.0,2421292.0,2237355.0,8,12,True,False,5,64.46,False,True,0.0012,0.0055,False,True,True,True,True,8,3.352e-05,-2.143e-05,False,0.87,3.57
CMS,2026-01-16,2,18,71.27999877929688,2612100,False,4,0.979,2380414.0,2459708.0,2431955.0,7,13,True,True,6,59.33,True,True,0.2436,0.196,False,True,True,True,True,8,0.00065087,0.00063245,False,2.11,1.45
CNI,2026-01-16,2,18,99.2300033569336,1092400,False,1,0.922,945450.0,1078767.0,1025440.0,8,12,False,True,7,51.72,True,True,-0.2054,-0.2898,True,False,True,True,True,10,6.694e-05,0.00150578,True,0.55,1.91
BIV,2026-01-16,1,17,77.95999908447266,1800000,False,4,0.996,2103457.0,2118077.0,2112960.0,7,13,True,False,5,50.35,True,True,-0.0044,0.0003,False,False,False,True,True,8,0.00016916,9.536e-05,False,0.26,0.2
BKD,2026-01-16,1,17,11.25,4779500,False,4,0.933,3076973.0,3570833.0,3299210.0,11,9,True,False,5,63.43,False,True,0.0028,0.0001,False,True,True,True,True,8,0.00010038,5.396e-05,False,2.44,6.64
BNL,2026-01-16,1,17,18.540000915527344,1907400,False,5,0.888,1734262.0,2099925.0,1953660.0,8,12,True,False,3,86.02,True,False,0.1224,0.1185,False,True,True,True,True,9,0.00024571,0.00025295,False,2.98,7.66
BSCT,2026-01-16,1,17,18.850000381469727,686200,False,4,0.937,1016700.0,1140255.0,1084655.0,9,11,True,False,5,55.0,True,True,-0.0026,-0.0013,False,False,False,True,True,8,4.188e-05,2.282e-05,False,0.32,0.37
BSCV,2026-01-16,1,17,16.709999084472656,503400,False,4,0.969,777333.0,839450.0,802180.0,12,8,True,False,5,52.17,True,True,-0.0021,-0.0014,False,False,False,True,True,8,4.243e-05,2.662e-05,False,0.38,0.44
BTG,2026-01-16,1,17,4.630000114440918,27805200,False,4,0.994,32689520.0,33472620.0,32885295.0,15,5,True,False,4,45.19,False,True,0.0019,0.0004,False,True,True,False,True,9,2.26e-05,3.62e-05,False,1.58,1.31
CADL,2026-01-16,1,17,5.940000057220459,743300,False,5,0.858,586545.0,801933.0,683470.0,11,9,True,False,5,46.82,False,True,0.0209,0.0267,False,True,True,True,True,7,0.00012736,-0.00012747,False,4.29,8.0
CALF,2026-01-16,1,17,45.880001068115234,751300,False,4,0.984,1268778.0,1305855.0,1289170.0,9,11,True,False,4,63.68,False,True,0.0313,0.0343,False,True,True,False,True,9,5.12e-05,0.00024605,False,0.07,2.19
CBRE,2026-01-16,1,17,170.8300018310547,1287400,False,5,0.829,1075036.0,1569322.0,1297465.0,11,9,True,False,3,63.19,False,True,0.2529,-0.053,False,True,True,True,True,9,0.00158065,0.0046828,True,3.51,6.76
CGCP,2026-01-16,1,17,22.729999542236328,1350200,False,4,0.983,1382614.0,1419654.0,1406690.0,7,13,True,False,5,62.96,False,True,0.0049,0.0056,False,True,True,True,True,8,5.014e-05,4.702e-05,False,0.31,0.61
CGDG,2026-01-16,1,17,36.7599983215332,854300,False,5,0.886,675850.0,820200.0,762460.0,8,12,True,False,3,69.79,False,False,0.0522,0.0486,False,True,True,True,True,9,0.00014674,0.00025314,False,1.09,4.61
CGXU,2026-01-16,1,17,30.969999313354492,698100,False,5,0.861,648433.0,798314.0,753350.0,6,14,True,False,2,72.2,False,False,0.0767,0.1019,False,True,True,False,True,10,4.022e-05,2.771e-05,True,0.49,9.4
CLMT,2026-01-16,1,17,20.559999465942383,2255000,False,5,0.828,734420.0,1039250.0,886835.0,10,10,True,False,4,67.78,True,False,0.0409,0.005,False,True,True,True,True,8,0.00025185,0.00051562,False,3.74,6.03
CLOA,2026-01-16,1,17,51.91999816894531,2872000,False,5,0.831,438017.0,565350.0,527150.0,6,14,True,False,3,91.5,True,False,0.0041,0.0003,False,True,True,True,True,9,0.00012381,0.00014396,False,0.48,0.66
CMC,2026-01-16,2,17,75.80000305175781,1167500,False,4,0.981,1254189.0,1299209.0,1278950.0,9,11,True,True,6,64.8,False,True,0.0553,-0.0503,False,True,True,True,True,7,0.00127715,0.00123062,False,4.87,8.29
BERZ,2026-01-16,1,16,2.6600000858306885,1419800,False,3,0.799,968700.0,1374492.0,1212175.0,8,12,False,True,8,49.09,True,True,-0.0046,-0.0084,True,False,True,False,False,5,2.918e-05,8.351e-05,False,1.79,-18.9
BRSP,2026-01-16,2,16,5.960000038146973,533600,False,0,1.075,782900.0,673820.0,728360.0,10,10,True,True,7,61.86,True,True,0.0059,-0.0011,False,True,True,True,True,9,3.922e-05,0.00016805,False,1.8,3.73
CGCT,2026-01-16,2,16,10.329999923706055,727100,False,0,1.171,679714.0,348367.0,580310.0,14,6,True,True,7,50.0,True,True,-0.0033,-0.005,True,False,True,True,True,9,2.969e-05,3.303e-05,False,0.65,2.18
CGNG,2026-01-16,1,16,33.400001525878906,499700,False,4,1.0,518362.0,518542.0,518470.0,8,12,True,False,2,72.76,False,False,0.0755,0.0899,False,True,True,False,True,10,7.316e-05,0.00010365,True,0.87,8.26
CIM,2026-01-16,1,16,13.180000305175781,719800,False,4,0.989,849989.0,867509.0,859625.0,9,11,True,False,3,70.33,True,False,0.0564,0.0536,False,True,True,True,True,9,5.194e-05,0.00012189,False,1.26,5.95
CLF,2026-01-16,1,16,14.300000190734863,20987800,False,5,0.88,12084818.0,15755589.0,13736665.0,11,9,True,True,8,55.6,True,True,0.0536,-0.0131,False,True,True,True,False,3,0.00061966,0.00070024,False,12.33,10.6
CMCSA,2026-01-16,2,16,28.350000381469727,31081100,False,0,1.099,38620368.0,33285588.0,35152761.0,7,13,True,True,6,58.53,True,True,0.0319,0.0429,False,True,True,False,True,10,9.536e-05,0.0001893,True,1.36,0.94
CMF,2026-01-16,1,16,57.869998931884766,514400,False,4,0.935,470340.0,514187.0,503225.0,5,15,True,False,3,88.52,False,False,0.0297,0.0309,False,True,True,True,True,9,0.00013505,0.00014984,False,0.42,1.08
CMG,2026-01-16,1,16,40.36000061035156,13383900,False,5,0.869,14948440.0,17945080.0,17195920.0,5,15,True,False,2,68.69,False,False,0.1528,0.1746,False,True,True,False,True,9,0.00017934,0.00074896,False,0.89,9.08
BEKE,2026-01-16,2,15,17.549999237060547,5315600,False,0,1.028,4929450.0,4599450.0,4797450.0,12,8,True,True,6,64.11,True,True,0.1416,0.1398,False,True,True,True,True,9,0.00012874,0.00039551,True,3.26,7.21
BINC,2026-01-16,1,15,53.0099983215332,5372000,False,4,0.995,2095489.0,2113318.0,2105295.0,9,11,True,False,3,79.54,False,False,0.0103,0.012,False,True,True,True,True,8,0.0001251,0.00011327,False,0.4,0.79
BNS,2026-01-16,2,15,73.55000305175781,2137400,False,0,1.126,2574600.0,2161807.0,2285645.0,6,14,True,True,6,46.28,False,True,-0.2514,-0.3244,True,False,True,True,True,9,0.00058418,0.00075138,False,2.01,2.9
BTAI,2026-01-16,0,15,1.909999966621399,444400,False,5,0.865,513820.0,673840.0,593830.0,10,10,True,False,5,59.8,False,True,0.036,0.0465,False,True,True,True,False,5,-2.969e-05,-9.786e-05,False,-4.71,6.11
BTSG,2026-01-16,1,15,39.599998474121094,1257500,False,5,0.834,1516570.0,2121490.0,1819030.0,10,10,True,True,6,59.3,True,True,-0.0911,-0.138,True,False,True,False,False,4,0.00058455,0.00076937,True,5.78,11.3
BUR,2026-01-16,1,15,9.829999923706055,1427100,False,4,0.901,1392212.0,1647975.0,1545670.0,8,12,True,False,3,70.24,True,False,0.0961,0.0901,False,True,True,True,True,8,0.00015124,0.00021745,False,4.4,6.96
C,2026-01-16,1,15,117.45999908447266,18715000,False,2,0.832,13104770.0,18410570.0,15757670.0,10,10,False,False,5,42.9,False,True,-1.0874,-1.1688,True,False,True,False,True,8,-0.00167135,0.00102311,True,-2.92,5.38
CAH,2026-01-16,1,15,213.4600067138672,1785400,False,5,0.862,1466588.0,1857300.0,1701015.0,8,12,True,False,4,61.71,False,True,0.4412,0.1273,False,True,True,True,True,6,0.00552305,0.00408768,False,6.4,7.84
CAL,2026-01-16,1,15,13.779999732971191,427900,False,4,0.949,709760.0,786700.0,748230.0,10,10,True,False,5,58.54,True,True,0.0637,0.0752,False,True,True,False,True,6,5.61e-06,-0.0001366,False,-0.46,2.09
CAPT,2026-01-16,1,15,0.35600000619888306,491400,False,5,0.506,676391.0,2142822.0,1336285.0,11,9,False,True,6,50.58,True,True,0.0113,0.0109,False,True,True,False,False,4,-1.523e-05,2.003e-05,True,-9.15,-27.49
CGCB,2026-01-16,2,15,26.59000015258789,1225900,False,0,1.115,1176388.0,974850.0,1055465.0,8,12,True,True,7,56.82,True,True,0.0056,0.0067,False,True,True,True,True,8,6.416e-05,4.956e-05,False,0.34,0.45
CGTL,2026-01-16,1,15,3.809999942779541,15859900,True,10,0.231,605140.0,4626730.0,2615935.0,10,10,True,False,1,89.52,True,False,0.2092,0.1394,False,True,True,True,False,4,0.00033968,0.00105829,True,46.24,204.8
CHRW,2026-01-16,1,15,175.3300018310547,1638900,False,5,0.831,1352062.0,1811675.0,1627830.0,8,12,True,False,1,71.38,False,False,0.5369,0.4182,False,True,True,True,True,9,0.00158681,0.00165583,False,2.93,9.51
CLOZ,2026-01-16,1,15,26.649999618530273,268000,False,4,0.973,526973.0,559533.0,541625.0,11,9,True,False,3,89.76,False,False,0.0093,0.0112,False,True,True,True,True,8,6.567e-05,3.524e-05,False,0.41,1.11
CNP,2026-01-16,2,15,39.310001373291016,3914300,False,0,1.187,5215371.0,3950315.0,4393085.0,7,13,True,True,8,63.44,True,True,0.1408,0.0938,False,True,True,True,True,7,0.00064794,0.00057432,False,4.01,2.61
CNXC,2026-01-16,1,15,42.18000030517578,1265000,True,6,0.764,854112.0,1294792.0,1118520.0,8,12,True,False,5,51.69,False,True,-0.2158,-0.2615,True,False,True,False,False,4,-0.00033295,0.00222929,False,-4.0,5.48
BHC,2026-01-16,1,14,7.260000228881836,1810600,True,6,0.714,1478940.0,2666200.0,2072570.0,10,10,True,False,3,51.96,False,True,-0.0192,0.0032,False,False,False,True,False,5,-3.6e-05,-0.0001614,False,-1.76,6.45
BLNK,2026-01-16,1,14,0.8700000047683716,2898300,False,4,0.982,4977177.0,5233329.0,5066830.0,13,7,True,True,8,61.31,True,True,0.0463,0.0492,False,True,True,True,False,2,3.544e-05,-1.591e-05,False,16.26,11.11
BMO,2026-01-16,1,14,134.86000061035156,382200,False,0,1.018,546867.0,529036.0,537060.0,9,11,True,False,5,63.59,False,True,0.0449,-0.0364,False,True,True,True,True,9,0.00079663,0.00211027,False,1.98,5.02
BN,2026-01-16,1,14,47.33000183105469,2716800,False,4,0.958,3604700.0,3848362.0,3763080.0,7,13,True,False,2,54.66,False,True,-0.0043,0.0242,False,False,False,False,True,8,-9.951e-05,0.00010422,True,-0.43,6.31
BNAI,2026-01-16,1,14,5.710000038146973,2634800,True,10,0.089,1482511.0,29074455.0,16658080.0,9,11,True,False,1,74.57,False,False,0.3477,0.3002,False,True,True,True,False,3,0.00098355,0.00152257,False,59.76,273.2
BND,2026-01-16,2,14,74.31999969482422,9959500,False,0,1.012,9224712.0,9049142.0,9119370.0,8,12,True,True,6,55.12,True,True,0.0159,0.0184,False,True,True,True,True,8,0.00016991,0.00014722,False,0.3,0.44
BOTZ,2026-01-16,1,14,38.34000015258789,1109500,False,5,0.805,616744.0,888018.0,765945.0,9,11,True,False,3,69.09,False,False,0.0998,0.1087,False,True,True,True,True,6,3.562e-05,0.00041422,True,0.55,10.02
BRX,2026-01-16,1,14,26.06999969482422,2149100,False,0,1.45,3832914.0,2003185.0,2643590.0,7,13,True,False,5,50.52,False,True,0.0152,0.0022,False,True,True,True,True,9,0.00018403,0.00029377,False,1.78,1.67
BSCQ,2026-01-16,1,14,19.594999313354492,795200,False,5,0.86,1245262.0,1583883.0,1448435.0,8,12,True,False,1,89.79,False,False,-0.0011,-0.001,False,False,False,True,True,8,4.173e-05,3.482e-05,False,0.34,0.27
BTE,2026-01-16,1,14,3.380000114440918,15766900,False,0,1.023,16635850.0,16019283.0,16265910.0,8,12,True,False,5,63.1,False,True,0.0111,0.0109,False,True,True,True,True,9,2.324e-05,3.421e-05,False,2.38,7.3
BTM,2026-01-16,2,14,1.350000023841858,655600,False,0,1.011,771333.0,756400.0,763120.0,9,11,False,True,7,54.24,True,True,0.0334,0.0367,False,True,True,True,True,7,1.392e-05,-1.226e-05,False,3.32,6.3
BX,2026-01-16,1,14,160.80999755859375,2435700,False,0,1.078,3675970.0,3141520.0,3408745.0,10,10,True,False,5,58.46,False,True,0.0133,-0.1887,False,True,True,False,True,9,0.00150686,0.00426325,False,2.29,4.97
BYND,2026-01-16,1,14,1.0399999618530273,85880900,False,2,0.839,52317183.0,77385725.0,62344600.0,12,8,False,True,8,54.5,True,True,0.0215,0.0172,False,True,True,True,False,4,1.746e-05,6.868e-05,True,6.93,-0.95
CAE,2026-01-16,1,14,33.150001525878906,471600,False,5,0.848,451562.0,585950.0,532195.0,8,12,True,False,3,65.68,False,False,0.0541,0.0731,False,True,True,True,True,6,5.245e-05,0.00027622,True,0.63,15.75
CBOE,2026-01-16,2,14,270.8299865722656,732000,True,6,0.785,563750.0,821567.0,718440.0,8,12,True,False,1,71.25,False,False,1.9055,1.7251,False,True,True,True,True,7,0.00401838,0.00335745,False,4.05,7.36
CCCC,2026-01-16,2,14,2.2200000286102295,738500,False,0,1.134,1970333.0,1389025.0,1737810.0,12,8,True,True,7,57.29,True,True,0.0412,0.0451,False,True,True,True,True,7,5.584e-05,-6.133e-05,False,4.0,8.29
CF,2026-01-16,2,14,86.5999984741211,2560100,True,6,0.79,1924400.0,2945780.0,2435090.0,10,10,True,False,1,72.72,False,False,0.9221,0.7656,False,True,True,True,True,7,0.00191647,0.00282616,False,5.11,9.61
CINF,2026-01-16,1,14,163.3699951171875,435200,False,0,1.053,587711.0,534245.0,558305.0,9,11,False,True,9,42.61,True,True,-0.2013,-0.2655,True,False,True,True,False,5,0.00040485,0.00196109,False,0.5,-1.73
BEP,2026-01-16,2,13,28.0,443500,False,0,1.102,552740.0,450310.0,501525.0,10,10,True,True,6,55.64,True,True,0.1353,0.1358,False,True,True,True,True,7,0.00044981,-0.00035899,False,4.24,4.87
BEPC,2026-01-16,1,13,38.790000915527344,794100,False,0,1.049,932988.0,860575.0,889540.0,8,12,False,False,5,47.61,False,True,0.0648,0.0666,False,True,True,True,True,8,0.00029595,-0.00028415,False,2.32,4.19
BIZD,2026-01-16,1,13,14.600000381469727,1709000,False,0,1.094,2636270.0,2184470.0,2410370.0,10,10,True,False,4,65.66,True,False,0.0286,0.0145,False,True,True,True,True,9,0.00012209,0.00028992,False,2.08,2.78
BKLN,2026-01-16,1,13,21.040000915527344,8921000,False,5,0.881,8511983.0,10149750.0,9658420.0,6,14,True,False,0,76.92,False,False,-0.0049,-0.0029,False,False,False,False,True,8,2.843e-05,1.91e-05,False,0.17,0.78
BKU,2026-01-16,1,13,46.689998626708984,887300,False,0,1.014,753967.0,735236.0,743665.0,9,11,True,False,5,65.21,True,False,-0.0324,-0.1546,True,False,True,True,True,8,0.00056327,0.00170315,False,3.13,3.07
BLK,2026-01-16,1,13,1156.6500244140625,1400900,False,5,0.835,520236.0,748967.0,623165.0,11,9,True,False,1,66.88,False,False,3.7291,-0.3773,False,True,True,True,True,7,0.02296326,0.05020863,False,6.86,8.61
BMNR,2026-01-16,1,13,30.8700008392334,46559400,False,1,0.954,40933883.0,45889038.0,42915945.0,12,8,False,False,4,54.13,True,True,0.442,0.5199,False,True,True,True,True,8,0.00050968,-0.00020307,False,2.96,5.29
BRR,2026-01-16,1,13,3.490000009536743,357200,False,0,1.286,1042033.0,620491.0,810185.0,9,11,False,False,5,59.2,True,True,0.2278,0.2423,False,True,True,True,True,8,1.92e-05,1.277e-05,False,1.42,8.72
BSV,2026-01-16,1,13,78.79000091552734,3312100,False,0,1.046,3379400.0,3153031.0,3232260.0,7,13,True,False,5,55.32,True,True,-0.014,-0.0101,False,False,False,True,True,8,0.00014896,8.948e-05,False,0.26,0.16
BTAL,2026-01-16,1,13,13.920000076293945,474300,False,0,1.076,671370.0,575990.0,623680.0,10,10,False,True,8,43.62,True,True,0.0087,0.0041,False,True,True,True,False,5,5.485e-05,0.00010145,False,0.7,-4.93
BTBT,2026-01-16,1,13,2.309999942779541,26053200,False,4,0.968,30723058.0,33245600.0,31732075.0,12,8,True,True,7,60.47,True,True,0.0525,0.0568,False,True,True,True,False,2,5.309e-05,-2.515e-05,False,5.74,17.26
BUD,2026-01-16,1,13,68.72000122070312,2157400,False,5,0.854,1466012.0,1883592.0,1716560.0,8,12,True,False,1,77.38,False,False,0.4724,0.4283,False,True,True,True,True,7,0.00123441,0.00070765,False,4.57,5.27
BXSL,2026-01-16,1,13,26.3700008392334,1411900,False,0,1.192,2525827.0,1623678.0,2119860.0,11,9,False,True,8,50.64,True,True,-0.0362,-0.0644,True,False,True,True,False,5,9.093e-05,0.00045281,False,0.61,-2.17
CADE,2026-01-16,1,13,44.400001525878906,3318600,False,0,1.044,2383644.0,2199718.0,2282485.0,9,11,True,False,5,53.25,False,True,-0.1983,-0.2197,True,False,True,False,True,8,-0.0002264,0.00092115,True,-1.44,2.09
CCEP,2026-01-16,1,13,89.23999786376953,1365100,False,2,0.895,1402873.0,1767767.0,1567075.0,11,9,False,True,7,41.37,True,True,-0.0261,-0.1144,True,False,True,False,False,4,0.00043757,-2.361e-05,False,0.83,-3.18
CCO,2026-01-16,1,13,2.0899999141693115,1527900,False,0,1.063,2427457.0,2205992.0,2283505.0,7,13,False,False,3,35.19,False,False,-0.021,-0.0258,True,False,True,False,True,10,5.04e-06,2.495e-05,True,1.72,3.98
CCOI,2026-01-16,1,13,23.209999084472656,649400,False,0,1.215,1453030.0,938860.0,1195945.0,10,10,True,False,4,55.61,True,True,0.3463,0.3585,False,True,True,True,True,9,0.00014194,0.00036129,False,1.44,2.34
CELC,2026-01-16,1,13,105.27999877929688,766900,False,5,0.873,660362.0,820817.0,756635.0,8,12,True,False,2,53.15,False,True,-0.0083,0.2612,False,False,False,False,True,6,0.00098632,0.00093885,False,-1.81,6.29
CFLT,2026-01-16,1,13,30.530000686645508,8822200,False,0,1.402,13375211.0,6407236.0,9542825.0,9,11,True,False,4,70.53,False,False,-0.2213,-0.2259,True,False,True,True,True,9,0.00012296,0.00012791,False,0.82,1.77
CGBD,2026-01-16,1,13,12.930000305175781,511900,False,0,1.004,512467.0,509786.0,510590.0,6,14,True,False,4,67.65,True,False,0.0317,0.0201,False,True,True,True,True,9,0.00010908,0.00030888,False,2.07,4.3
CGDV,2026-01-16,1,13,44.459999084472656,5702200,False,0,1.016,5243840.0,5080990.0,5162415.0,10,10,True,False,4,60.15,False,True,0.0121,0.017,False,True,True,False,True,9,4.511e-05,8.524e-05,False,0.26,4.07
CGMS,2026-01-16,1,13,27.770000457763672,1688200,False,0,1.258,1416375.0,1053662.0,1126205.0,4,16,True,False,5,64.87,False,True,0.0039,0.0036,False,True,True,True,True,8,7.341e-05,6.586e-05,False,0.44,0.89
CHKP,2026-01-16,1,13,188.5399932861328,1314300,False,2,0.809,763240.0,1123330.0,943285.0,10,10,False,False,3,50.03,False,True,0.2805,0.298,False,True,True,True,True,8,-0.0011215,0.0017201,True,-1.88,0.64
CI,2026-01-16,1,13,277.94000244140625,1656800,False,0,1.154,1718109.0,1208778.0,1488910.0,11,9,False,False,5,53.53,False,True,-0.5669,-0.7785,True,False,True,False,True,8,-0.0005304,0.00486063,True,-0.1,1.5
CIG,2026-01-16,1,13,1.9800000190734863,2331600,False,0,1.185,3989280.0,2743120.0,3366200.0,10,10,False,False,5,44.68,False,True,-0.0041,-0.0043,True,False,True,False,True,8,-1.381e-05,1.757e-05,True,-2.2,1.02
CIVI,2026-01-16,1,13,26.549999237060547,1146200,False,2,0.867,1200233.0,1659275.0,1383850.0,12,8,False,True,8,45.78,True,True,0.0127,-0.013,False,True,True,True,False,3,0.00044176,0.00017202,False,3.25,-6.87
CL,2026-01-16,1,13,84.33999633789062,5403000,False,5,0.845,5329714.0,6837785.0,6309960.0,7,13,True,False,1,67.99,False,False,0.6495,0.5967,False,True,True,True,True,7,0.00134983,0.00112891,False,3.77,5.78
CLSK,2026-01-16,1,13,12.729999542236328,36794600,False,5,0.874,21903527.0,28944989.0,25072185.0,11,9,True,True,6,60.06,True,True,0.2712,0.2759,False,True,True,True,False,2,0.00054429,0.00015,False,9.91,10.89
CMPX,2026-01-16,1,13,5.800000190734863,2922600,False,4,0.979,2474460.0,2578910.0,2526685.0,10,10,True,True,7,61.15,True,True,0.0607,0.0533,False,True,True,True,False,2,0.00025953,0.00016779,False,8.67,16.94
CNMD,2026-01-16,1,13,42.54999923706055,610300,False,0,1.107,636625.0,533975.0,575035.0,8,12,False,False,5,58.55,False,True,0.141,0.1333,False,True,True,True,True,8,-0.00030018,0.00188394,True,-0.58,6.91
BEN,2026-01-16,0,12,25.969999313354492,4066700,False,4,0.966,3912133.0,4106850.0,4048435.0,6,14,True,False,3,80.8,True,False,0.1038,0.1006,False,True,True,True,False,5,0.00013331,0.00053865,False,1.47,11.22
BFLY,2026-01-16,0,12,4.550000190734863,9587200,False,5,0.868,4759471.0,5872600.0,5483005.0,7,13,True,False,5,63.76,False,True,0.0456,0.054,False,True,True,True,False,2,0.0002532,0.00011535,False,12.89,43.53
BMBL,2026-01-16,2,12,3.6500000953674316,1969100,False,0,1.015,2985042.0,2876050.0,2941445.0,12,8,True,True,6,54.12,True,True,0.0326,0.0301,False,True,True,True,True,6,6.111e-05,2.744e-05,False,5.15,5.8
BNKK,2026-01-16,1,12,3.9600000381469727,74551600,False,0,1.952,7604380.0,187230.0,3895805.0,10,10,False,True,8,59.65,True,True,0.1904,0.109,False,True,True,True,False,4,0.00034295,0.0009288,True,43.74,10.61
BSCS,2026-01-16,1,12,20.59000015258789,1162500,False,0,1.05,1068700.0,1005119.0,1017835.0,4,16,True,False,4,56.25,True,True,-0.0047,-0.0031,False,False,False,True,True,8,4.062e-05,1.838e-05,False,0.26,0.22
BTCI,2026-01-16,1,12,47.33000183105469,712600,False,4,0.966,604955.0,651989.0,626120.0,11,9,True,False,1,69.03,False,False,0.4612,0.4811,False,True,True,True,True,7,0.00102314,0.00032043,False,4.81,9.68
BTI,2026-01-16,2,12,58.08000183105469,2939100,False,0,1.079,3060114.0,2713777.0,2834995.0,7,13,True,True,6,59.1,False,True,0.1878,0.0586,False,True,True,True,True,6,0.00118764,0.00114474,False,5.5,2.94
BTQ,2026-01-16,1,12,5.539999961853027,1571300,False,0,1.058,2870686.0,2347883.0,2713845.0,14,6,False,True,8,41.34,True,True,0.0537,0.0441,False,True,True,True,False,4,0.00012074,2.324e-05,True,9.1,-12.89
CAG,2026-01-16,1,12,17.3700008392334,12407800,False,0,1.116,13474310.0,10682570.0,12078440.0,10,10,True,True,7,53.83,True,True,0.0218,-0.0227,False,True,True,False,False,5,0.00021612,0.00060423,False,2.8,-3.07
CALX,2026-01-16,0,12,59.040000915527344,1594700,False,5,0.849,650482.0,907244.0,766025.0,11,9,True,False,4,64.97,False,True,0.5684,0.2391,False,True,True,True,False,3,0.00244371,0.00347413,False,14.37,11.14
CDTX,2026-01-16,1,12,221.3800048828125,0,False,0,1.068,981830.0,903724.0,919345.0,4,16,True,False,4,77.16,True,False,-2.6131,-2.7679,True,False,True,True,True,8,-0.00057156,0.00053371,True,-0.77,0.81
CDZI,2026-01-16,1,12,6.659999847412109,774300,True,6,0.706,572150.0,1048420.0,810285.0,10,10,True,False,4,69.71,True,False,0.1063,0.0999,False,True,True,True,False,2,0.00037191,5.385e-05,False,15.69,26.14
CEG,2026-01-16,1,12,341.20001220703125,3039300,False,1,0.98,2617608.0,2752112.0,2671410.0,12,8,False,False,3,39.69,False,False,-1.916,-2.7767,True,False,True,False,True,8,-0.00057831,0.00607129,True,-0.12,0.07
CENN,2026-01-16,1,12,0.15279999375343323,573500,False,1,0.906,1383636.0,1862967.0,1527435.0,14,6,False,True,6,55.51,True,True,0.0022,0.0025,False,True,True,True,False,5,-5.8e-07,-1.34e-06,False,-0.9,0.53
CGGE,2026-01-16,1,12,32.619998931884766,665200,False,0,1.185,1326027.0,865411.0,1118750.0,11,9,True,False,2,65.52,False,False,0.0398,0.0504,False,True,True,False,True,10,1.707e-05,3.755e-05,True,0.33,5.61
CGGO,2026-01-16,1,12,36.09000015258789,1609800,False,0,1.069,1230000.0,1086236.0,1150930.0,9,11,True,False,2,69.19,False,False,0.0652,0.0794,False,True,True,False,True,10,2.744e-05,7.19e-05,True,0.37,7.33
CGMM,2026-01-16,1,12,30.860000610351562,1527400,False,0,1.056,746140.0,666350.0,706245.0,10,10,True,False,3,70.86,False,False,0.0859,0.0758,False,True,True,True,True,9,0.00017212,0.0002942,False,1.64,7.27
CGMU,2026-01-16,1,12,27.600000381469727,1135600,False,0,1.011,1031312.0,1011983.0,1019715.0,8,12,True,False,3,93.1,True,False,0.0164,0.0171,False,True,True,True,True,9,7.166e-05,7.279e-05,False,0.48,1.12
CIEN,2026-01-16,1,12,243.7899932861328,1746900,False,4,0.939,2211411.0,2474318.0,2356010.0,9,11,True,True,6,51.31,False,True,-1.3384,-1.5641,True,False,True,True,False,2,0.0048291,-0.0015071,False,6.0,19.56
CJMB,2026-01-16,1,12,4.199999809265137,195617600,True,7,0.005,49109.0,21815089.0,9843800.0,11,9,False,False,1,85.39,False,False,0.2565,0.0666,False,True,True,True,False,4,0.00078672,0.002176,True,211.37,142.77
CLPT,2026-01-16,1,12,14.649999618530273,796300,False,0,1.16,770909.0,534933.0,664720.0,11,9,True,False,4,51.2,False,True,0.1648,0.2246,False,True,True,False,True,8,-8.575e-05,0.00015306,True,-1.55,8.04
CMPO,2026-01-16,1,12,25.25,9104100,True,8,0.505,871480.0,2576690.0,1724085.0,10,10,True,False,1,76.7,False,False,0.5454,0.3747,False,True,True,True,False,3,0.00130706,0.0027933,False,14.16,30.83
CNH,2026-01-16,1,12,10.819999694824219,14264400,True,6,0.775,8617862.0,12782733.0,11116785.0,8,12,True,False,3,79.67,True,False,0.1506,0.1451,False,True,True,True,False,3,0.00028261,0.00028389,False,6.45,12.94
CNQ,2026-01-16,2,12,34.099998474121094,9761400,False,0,1.16,10780157.0,8497062.0,9296145.0,7,13,True,True,6,55.59,False,True,0.1878,0.1305,False,True,True,True,True,6,0.00097641,0.00073898,False,6.56,7.03
CNX,2026-01-16,1,12,35.900001525878906,1568200,False,1,0.906,1907378.0,2268927.0,2106230.0,9,11,False,True,8,42.97,True,True,-0.1034,-0.1412,True,False,True,True,False,3,0.0004984,-0.00020226,False,4.32,-6.39
BGS,2026-01-16,1,11,4.489999771118164,3395400,False,0,1.004,1751800.0,1736338.0,1745615.0,12,8,True,True,8,56.86,True,True,0.0149,-0.0075,False,True,True,True,False,3,0.00011284,0.00023057,False,7.94,-0.69
BMNU,2026-01-16,1,11,5.829999923706055,40784600,False,0,1.008,38423925.0,37685425.0,38128525.0,12,8,False,False,4,51.68,True,True,0.2918,0.3264,False,True,True,True,True,7,0.00015638,-9.882e-05,False,4.19,1.75
BNDX,2026-01-16,1,11,48.59000015258789,10402200,False,0,1.019,7392371.0,7178738.0,7253510.0,7,13,True,False,2,66.04,False,False,0.0275,0.03,False,True,True,False,True,9,0.00010436,0.00011344,False,0.37,0.54
BNZI,2026-01-16,1,11,1.5099999904632568,788200,False,0,1.244,1211686.0,845954.0,973960.0,7,13,True,True,7,61.81,True,True,0.0422,0.0453,False,True,True,True,False,4,6.884e-05,2.41e-06,True,20.1,32.46
BORR,2026-01-16,0,11,4.320000171661377,4418300,False,4,0.921,4177700.0,4828509.0,4535645.0,9,11,True,False,3,65.79,False,False,0.0114,0.0183,False,True,True,True,False,4,7.256e-05,-3.636e-05,False,1.67,16.13
BOXX,2026-01-16,1,11,115.30000305175781,1980400,False,0,1.098,2223757.0,1919269.0,2025840.0,7,13,True,False,3,94.6,False,False,0.0012,0.0036,False,True,True,True,True,8,0.00022043,0.00019808,False,0.3,0.42
BRCB,2026-01-16,0,11,21.010000228881836,175700,False,3,0.795,441722.0,649164.0,555815.0,9,11,False,False,4,29.81,False,False,-0.2005,-0.2283,True,False,True,True,False,4,-0.00021964,0.00043706,True,-1.97,-2.05
BTU,2026-01-16,1,11,36.060001373291016,4127500,True,7,0.609,1580429.0,3141354.0,2595030.0,7,13,True,False,1,78.86,False,False,0.4739,0.4346,False,True,True,True,False,3,0.00098663,0.00187361,False,6.95,26.53
BUFR,2026-01-16,1,11,34.540000915527344,1713100,False,0,1.098,1260889.0,1055827.0,1148105.0,9,11,True,False,2,58.97,False,True,-0.0037,-0.0008,False,False,False,False,True,9,4.499e-05,4.781e-05,False,0.23,2.1
BWA,2026-01-16,1,11,48.599998474121094,1853700,False,0,1.805,6820771.0,2140515.0,3778605.0,7,13,True,False,2,75.9,True,False,0.139,0.1466,False,True,True,False,True,9,0.00032576,0.00040173,False,2.21,8.82
BWIN,2026-01-16,0,11,26.170000076293945,845900,False,4,0.996,1104222.0,1111518.0,1108235.0,9,11,True,False,2,56.54,False,True,0.2258,0.2433,False,True,True,False,False,5,0.00019619,0.00053897,False,0.76,14.93
BZAI,2026-01-16,1,11,2.109999895095825,791000,False,0,1.11,1592240.0,1277850.0,1435045.0,10,10,True,False,5,48.61,False,True,0.045,0.0525,False,True,True,True,True,6,1.102e-05,-6.15e-05,False,-0.68,1.93
CANF,2026-01-16,1,11,4.28000020980835,74800,False,0,1.415,787522.0,127264.0,556432.0,13,7,False,True,7,57.56,True,True,0.1355,0.1317,False,True,True,False,False,4,5.365e-05,0.00010772,False,3.65,-20.74
CANG,2026-01-16,0,11,1.4500000476837158,740300,False,2,0.808,945093.0,1843320.0,1169650.0,15,5,False,False,5,53.33,True,True,0.0098,0.0166,False,True,True,False,False,4,-1.321e-05,2.31e-06,True,-1.76,10.69
CCI,2026-01-16,1,11,90.41000366210938,3057900,False,0,1.045,2797671.0,2611115.0,2676410.0,7,13,True,False,4,59.54,False,True,0.3142,0.0514,False,True,True,True,True,7,0.0026291,0.00273854,False,8.32,2.45
CERS,2026-01-16,1,11,2.740000009536743,1749800,True,6,0.722,1203333.0,1865179.0,1666625.0,6,14,True,False,3,82.69,True,False,0.0612,0.0474,False,True,True,True,False,2,0.00026838,0.00016292,False,33.27,25.11
CG,2026-01-16,0,11,66.12000274658203,2636400,False,5,0.875,1716450.0,2126425.0,1962435.0,8,12,True,False,1,68.85,False,False,0.2269,0.2652,False,True,True,True,False,5,0.00028457,0.00055937,False,1.35,13.96
CGBL,2026-01-16,1,11,36.22999954223633,1088200,False,0,1.022,1061978.0,1020391.0,1039105.0,9,11,True,False,2,69.18,False,False,0.0341,0.0421,False,True,True,False,True,9,5.081e-05,5.771e-05,False,0.29,4.23
CGIE,2026-01-16,1,11,36.34000015258789,796900,False,0,1.045,606088.0,562333.0,579835.0,8,12,True,False,2,74.77,False,False,0.0805,0.0973,False,True,True,False,True,9,6.257e-05,9.392e-05,False,0.59,6.39
CGNX,2026-01-16,1,11,40.59000015258789,1157200,True,6,0.733,1114010.0,1923940.0,1518975.0,10,10,True,False,1,78.71,True,False,0.4856,0.4637,False,True,True,True,False,4,0.0006169,0.00075653,False,4.31,13.51
CHA,2026-01-16,0,11,12.350000381469727,880800,False,3,0.78,1040818.0,1692533.0,1334090.0,11,9,False,False,4,51.45,False,True,0.0289,0.0287,False,True,True,False,False,4,-0.00031569,0.00017102,True,-5.96,-8.31
CHD,2026-01-16,1,11,90.43000030517578,2132800,False,4,0.934,2008412.0,2246517.0,2151275.0,8,12,True,False,1,67.69,False,False,0.6407,0.5282,False,True,True,True,True,6,0.00200247,0.00191697,False,5.68,4.52
CHPT,2026-01-16,1,11,6.889999866485596,469900,False,0,1.138,635120.0,481040.0,558080.0,10,10,False,True,7,43.6,True,True,0.0699,0.0756,False,True,True,True,False,4,2.244e-05,-1.785e-05,False,0.12,-6.77
CHRS,2026-01-16,1,11,1.659999966621399,1334700,True,7,0.662,801911.0,1547245.0,1211845.0,9,11,True,False,3,68.18,False,False,0.0286,0.0307,False,True,True,True,False,1,-1.297e-05,-2.618e-05,False,-1.51,22.96
CLNE,2026-01-16,1,11,2.200000047683716,790900,False,0,1.073,1146560.0,990220.0,1068390.0,10,10,True,True,8,48.0,True,True,0.0135,0.0138,False,True,True,True,False,3,3.848e-05,-3.7e-06,False,3.55,-2.22
BG,2026-01-16,1,10,108.83000183105469,2590200,True,6,0.734,1179743.0,1837046.0,1606990.0,7,13,True,False,1,90.47,False,False,1.8639,1.6099,False,True,True,True,False,3,0.00337438,0.00467053,False,9.1,17.13
BIDU,2026-01-16,0,10,149.39999389648438,3100500,False,4,0.91,3170957.0,3652546.0,3483990.0,7,13,True,False,1,73.1,False,False,1.1383,1.4619,False,True,True,True,False,5,0.00169975,0.00027401,True,4.35,25.02
BILI,2026-01-16,1,10,33.119998931884766,4451500,True,7,0.685,1914800.0,3266538.0,2793430.0,7,13,True,False,1,87.18,False,False,0.8801,0.8757,False,True,True,True,False,2,0.0014212,0.00129236,False,13.8,36.46
BIOA,2026-01-16,1,10,21.510000228881836,889500,True,7,0.626,463158.0,1155825.0,740225.0,12,8,True,False,1,73.0,False,False,0.7753,0.7295,False,True,True,True,False,2,0.00292404,0.00062524,False,53.58,74.88
BITO,2026-01-16,0,10,13.210000038146973,64230100,False,4,0.971,49031150.0,52745738.0,50516985.0,12,8,True,False,4,67.09,True,False,0.1511,0.1586,False,True,True,True,False,2,0.0003476,8.591e-05,False,5.77,10.62
BJ,2026-01-16,0,10,94.91000366210938,1800200,False,4,0.921,1514100.0,1801344.0,1643360.0,11,9,True,False,4,50.98,False,True,0.4093,0.3405,False,True,True,True,False,2,0.00217435,-0.00020916,False,5.79,-1.04
BKSY,2026-01-16,1,10,28.299999237060547,2185600,True,6,0.737,1109257.0,1717038.0,1504315.0,7,13,True,False,1,73.08,False,False,0.6446,0.627,False,True,True,True,False,3,0.00099989,0.00198376,False,11.16,72.04
BLMN,2026-01-16,0,10,8.069999694824219,1907400,False,4,0.983,2045420.0,2117090.0,2081255.0,10,10,True,False,3,75.08,True,False,0.165,0.1347,False,True,True,True,False,3,0.00032789,0.00044527,False,15.22,14.14
BLZE,2026-01-16,0,10,4.889999866485596,445300,False,1,0.917,606220.0,715300.0,660760.0,10,10,False,False,4,53.44,False,True,0.0563,0.0705,False,True,True,False,False,5,-6.048e-05,-2.825e-05,False,-1.94,9.89
BNC,2026-01-16,1,10,5.960000038146973,187600,False,2,0.815,438389.0,618855.0,537645.0,9,11,False,True,6,38.71,True,False,-0.0249,-0.047,True,False,True,True,False,2,0.00031463,0.00027615,False,13.36,-7.31
BNO,2026-01-16,1,10,29.579999923706055,535200,False,0,1.008,633210.0,622610.0,627910.0,10,10,True,False,2,57.49,False,True,0.2002,0.2412,False,True,True,False,True,8,0.00017355,-0.00057268,False,1.15,5.98
BTCS,2026-01-16,1,10,2.869999885559082,734000,False,2,0.879,936590.0,1193410.0,1065000.0,10,10,False,True,6,43.51,True,True,0.018,0.0235,False,True,True,True,False,2,1.67e-05,-6.75e-05,False,-0.08,-3.37
BTDR,2026-01-16,1,10,15.260000228881836,8917800,True,6,0.742,3837912.0,6064900.0,5174105.0,8,12,True,False,1,73.65,False,False,0.5435,0.4473,False,True,True,True,False,3,0.00146516,0.00181885,False,32.84,56.35
BURU,2026-01-16,1,10,0.18400000035762787,17545000,False,0,1.001,21803100.0,21764362.0,21787605.0,12,8,False,True,6,46.26,True,True,0.0017,0.0021,False,True,True,True,False,4,-2.55e-06,4.62e-06,True,-3.4,-8.91
BW,2026-01-16,1,10,8.3100004196167,2449000,True,6,0.778,2391922.0,3630818.0,3073315.0,9,11,True,False,1,79.96,False,False,0.2524,0.2766,False,True,True,True,False,3,0.00011829,-0.00011649,False,4.79,79.09
BWXT,2026-01-16,0,10,213.25,1842300,False,5,0.831,791227.0,1149578.0,952485.0,11,9,True,False,1,78.27,False,False,3.4524,3.3439,False,True,True,True,False,4,0.00339853,0.00229279,True,6.12,26.84
BXP,2026-01-16,1,10,67.11000061035156,1623900,False,0,1.118,1592778.0,1287945.0,1425120.0,9,11,False,True,6,43.05,False,True,-0.0452,-0.1004,True,False,True,True,False,4,-0.00021087,0.00067626,True,-1.02,-2.51
CCCX,2026-01-16,1,10,17.170000076293945,1357300,True,6,0.775,1629045.0,2680644.0,2102265.0,11,9,True,False,4,46.63,False,True,0.0198,0.1161,False,True,True,False,False,0,-0.00062919,-0.00061407,False,-8.41,27.94
CDP,2026-01-16,1,10,30.190000534057617,1016300,False,0,1.006,1104380.0,1091540.0,1097960.0,10,10,True,False,1,79.11,True,False,0.2708,0.2666,False,True,True,True,True,9,0.00029803,0.00035799,False,2.39,4.59
CDXS,2026-01-16,1,10,1.7799999713897705,384700,False,0,1.295,1156660.0,629820.0,893240.0,10,10,True,True,8,60.42,True,True,0.0242,0.0218,False,True,True,True,False,2,5.786e-05,5.328e-05,False,8.8,10.56
CE,2026-01-16,0,10,47.13999938964844,2209800,False,5,0.8,1519400.0,2103592.0,1899125.0,7,13,True,False,1,74.83,True,False,0.3755,0.3464,False,True,True,True,False,4,0.00072517,0.00098317,False,3.71,13.4
CELH,2026-01-16,0,10,53.529998779296875,3812500,False,4,0.969,4221900.0,4464582.0,4355375.0,9,11,True,False,1,89.02,False,False,0.7598,0.844,False,True,True,True,False,5,0.00028121,0.00074831,False,1.45,31.1
CFFN,2026-01-16,0,10,6.760000228881836,1031100,False,0,1.077,1166500.0,981444.0,1083225.0,11,9,False,False,5,37.03,True,False,-0.0313,-0.043,True,False,True,False,False,5,3.634e-05,0.00014049,False,1.31,-5.42
CHRD,2026-01-16,1,10,91.94000244140625,1193900,False,0,1.06,780758.0,671100.0,736895.0,12,8,True,True,6,51.84,True,True,0.1604,0.2291,False,True,True,True,False,4,0.00061474,-0.00075442,False,0.06,-1.93
CLSX,2026-01-16,0,10,24.799999237060547,597700,False,4,0.975,640282.0,677000.0,656805.0,11,9,True,False,4,58.47,False,True,1.2752,1.2957,False,True,True,True,False,2,0.00191064,0.00047913,False,19.04,16.65
CMTL,2026-01-16,0,10,5.789999961853027,458500,False,5,0.864,435871.0,541692.0,504655.0,7,13,True,False,3,74.91,False,False,0.0189,0.0378,False,True,True,True,False,2,0.00014415,-5.564e-05,False,6.11,103.16
BIL,2026-01-16,1,9,91.5,8908700,False,0,1.085,9081933.0,8240506.0,8366720.0,3,17,True,False,1,100.0,False,False,-0.0028,-0.0017,False,False,False,True,True,8,0.00017274,0.00015296,False,0.3,0.27
BITF,2026-01-16,0,9,2.8399999141693115,34013200,False,0,1.016,41236717.0,39609812.0,40585955.0,12,8,True,False,5,54.97,False,True,0.0586,0.0745,False,True,True,True,False,4,3.68e-06,-0.00019007,False,1.69,22.41
BKH,2026-01-16,1,9,73.13999938964844,684500,False,0,1.12,1034120.0,811930.0,923025.0,10,10,True,False,1,73.56,False,False,0.2591,0.1531,False,True,True,True,True,8,0.00103805,0.00185339,False,3.69,3.61
BKR,2026-01-16,0,9,52.0,11614800,False,4,0.957,7519533.0,8137545.0,7859440.0,9,11,True,False,1,74.85,False,False,0.5036,0.3902,False,True,True,True,False,4,0.00096658,0.00226655,False,4.33,14.82
BLDP,2026-01-16,0,9,2.700000047683716,3529900,False,0,1.051,3304022.0,3011273.0,3143010.0,9,11,True,False,4,50.77,False,True,0.0216,0.0281,False,True,True,False,False,5,-1.824e-05,-4.615e-05,False,-1.91,6.72
BSBR,2026-01-16,0,9,6.179999828338623,2560300,False,0,1.105,721240.0,583820.0,652530.0,10,10,True,False,4,52.14,False,True,0.0057,0.0165,False,True,True,False,False,5,-4.373e-05,-2.619e-05,False,-2.87,7.85
BSCP,2026-01-16,1,9,20.674999237060547,0,False,0,1.212,2289796.0,1789194.0,1889314.0,4,16,True,False,0,67.81,False,False,-0.0022,-0.0016,False,False,False,False,True,9,0.00016724,0.00021165,False,2.52,0.23
BSCR,2026-01-16,1,9,19.75,943900,False,0,1.062,1229593.0,990817.0,1157960.0,14,6,True,False,1,75.0,False,False,-0.002,-0.0014,False,False,False,True,True,8,4.057e-05,3.146e-05,False,0.31,0.31
BVN,2026-01-16,0,9,34.900001525878906,781300,False,5,0.803,1496922.0,2164473.0,1864075.0,9,11,True,False,0,75.79,False,False,0.4275,0.4123,False,True,True,False,False,4,0.00077963,0.00045919,True,8.65,24.16
BZ,2026-01-16,0,9,19.200000762939453,2321900,False,0,1.253,3517670.0,2097860.0,2807765.0,10,10,False,False,4,31.04,True,False,-0.1139,-0.1202,True,False,True,True,False,5,8.025e-05,8.824e-05,False,0.21,-5.47
CAVA,2026-01-16,0,9,72.0,2913300,False,4,0.944,3490957.0,3811515.0,3699320.0,7,13,True,False,0,73.66,False,False,0.7619,0.8157,False,True,True,False,False,5,0.00043523,0.00262273,False,1.87,35.54
CC,2026-01-16,0,9,15.5600004196167,3434000,False,5,0.821,2011850.0,2640507.0,2451910.0,6,14,True,False,1,88.36,True,False,0.3429,0.3212,False,True,True,True,False,3,0.00042442,0.0006518,False,9.07,34.02
CCHH,2026-01-16,1,9,0.43799999356269836,286000,True,6,0.486,474111.0,1384145.0,974630.0,9,11,False,False,2,38.83,True,False,0.2197,0.1979,False,True,True,False,False,1,-2.891e-05,-1.876e-05,False,-13.0,-36.06
CDE,2026-01-16,0,9,21.219999313354492,18572500,False,4,0.936,19852890.0,22577900.0,21215395.0,10,10,True,False,0,65.24,False,False,0.2061,0.2169,False,True,True,False,False,5,0.00015094,0.00022118,True,4.28,23.37
CGC,2026-01-16,1,9,1.2200000286102295,14997100,False,0,1.259,47614538.0,19619129.0,37816145.0,13,7,False,True,8,40.82,True,True,-0.0069,-0.0084,True,False,True,False,False,1,-2.17e-06,-1.968e-05,False,-0.55,-36.46
CHH,2026-01-16,0,9,109.0999984741211,790600,False,4,0.947,786429.0,853769.0,830200.0,7,13,True,False,0,77.52,True,False,1.0919,1.1973,False,True,True,False,False,5,0.00061743,0.00068549,False,1.11,14.94
CIBR,2026-01-16,0,9,72.11000061035156,2247600,False,0,1.03,1056709.0,987978.0,1025780.0,11,9,False,False,4,45.39,False,True,0.082,0.1124,False,True,True,False,False,5,-7.71e-05,-0.00025269,False,-0.34,1.08
CLVT,2026-01-16,0,9,3.2200000286102295,6421200,False,2,0.836,4392509.0,6301356.0,5251490.0,11,9,False,False,3,40.59,False,True,-0.0153,-0.0144,False,False,False,True,False,4,-8.364e-05,4.837e-05,True,-6.4,-9.04
CMBT,2026-01-16,0,9,11.520000457763672,2085300,False,5,0.8,1753500.0,2426823.0,2191160.0,7,13,True,False,0,77.65,True,False,0.2084,0.2278,False,True,True,False,False,4,0.00012692,-7.534e-05,False,1.32,18.89
CME,2026-01-16,1,9,272.5899963378906,1673700,False,0,1.027,1833556.0,1746718.0,1785795.0,9,11,True,True,6,45.71,False,True,0.0648,-0.2042,False,True,True,True,False,3,0.0048793,0.0034179,False,4.13,-0.42
CMI,2026-01-16,0,9,574.8400268554688,636900,False,5,0.896,691544.0,837655.0,771905.0,9,11,True,False,1,80.27,False,False,3.4292,3.1637,False,True,True,True,False,3,0.00799027,0.00624888,False,4.38,15.56
CMPS,2026-01-16,0,9,7.309999942779541,1456600,False,0,1.018,1321978.0,1279773.0,1298765.0,9,11,True,False,5,56.13,False,True,0.0196,0.0376,False,True,True,True,False,4,0.00012976,-3.16e-05,False,1.51,17.9
CNK,2026-01-16,1,9,24.459999084472656,4415700,False,0,1.009,3135356.0,3086236.0,3108340.0,9,11,True,False,2,65.22,True,False,0.3094,0.255,False,True,True,True,True,7,0.00064923,0.00102632,False,9.12,4.13
CNTA,2026-01-16,0,9,22.399999618530273,2532600,False,0,1.041,1249700.0,1085383.0,1200405.0,14,6,False,False,4,20.71,False,False,-0.1387,-0.2076,True,False,True,True,False,5,4.346e-05,0.00016541,False,0.17,-10.33
BHP,2026-01-16,0,8,66.02999877929688,3451400,False,5,0.854,2866530.0,3842840.0,3354685.0,10,10,True,False,1,66.73,False,False,0.2373,0.1728,False,True,True,True,False,2,0.00182148,0.00157541,False,7.25,11.82
BIPC,2026-01-16,0,8,44.63999938964844,441400,False,1,0.961,504109.0,549778.0,524660.0,11,9,False,False,4,31.33,True,False,-0.1087,-0.1665,True,False,True,True,False,3,0.000525,0.00028011,False,3.45,-0.16
BKKT,2026-01-16,0,8,19.389999389648438,1756900,False,5,0.851,1343927.0,1866033.0,1578875.0,11,9,True,False,1,78.02,False,False,1.1772,1.2902,False,True,True,True,False,2,0.00119088,0.00051376,False,19.37,93.71
BLND,2026-01-16,0,8,3.0399999618530273,2318800,False,0,1.005,2023236.0,1999767.0,2012675.0,11,9,False,False,4,51.65,False,True,0.0046,0.0155,False,True,True,False,False,4,-0.0001026,-8.885e-05,False,-7.34,0.33
BNTX,2026-01-16,0,8,106.06999969482422,675900,False,5,0.844,976900.0,1253908.0,1156955.0,7,13,True,False,1,76.56,False,False,1.5293,1.649,False,True,True,True,False,2,0.0029806,-0.00063822,False,6.49,15.8
BRRR,2026-01-16,0,8,26.889999389648438,264000,False,4,0.92,470867.0,573075.0,511750.0,12,8,True,False,2,67.71,True,False,0.3081,0.3229,False,True,True,True,False,2,0.00071621,0.00019418,False,5.88,10.89
CALM,2026-01-16,0,8,77.12000274658203,2094900,False,0,1.025,1498779.0,1375817.0,1461890.0,14,6,False,False,4,33.02,False,False,-0.3395,-0.6928,True,False,True,True,False,4,0.00109347,0.00349572,False,4.92,-12.05
CAPR,2026-01-16,0,8,24.040000915527344,1598600,False,0,1.253,1635971.0,1127669.0,1305575.0,7,13,False,False,4,24.96,False,False,-1.0724,-1.1056,True,False,True,True,False,4,0.00014102,-0.00050223,False,1.1,-8.07
CBRL,2026-01-16,0,8,36.70000076293945,3153500,False,4,0.975,1810500.0,1904670.0,1857585.0,10,10,True,False,1,83.04,False,False,1.1542,0.9646,False,True,True,True,False,3,0.00219098,0.00340251,False,22.56,37.3
CCJ,2026-01-16,0,8,112.83999633789062,3810000,False,4,0.993,3492300.0,3529121.0,3518075.0,6,14,True,False,1,88.72,False,False,1.5491,1.5682,False,True,True,True,False,3,0.00186208,0.00300489,False,5.17,32.99
CCRN,2026-01-16,0,8,9.109999656677246,1063400,False,4,0.934,678888.0,758208.0,726480.0,8,12,True,False,1,75.83,True,False,0.2064,0.1842,False,True,True,True,False,3,0.00034282,0.00049017,False,10.82,13.87
CETX,2026-01-16,0,8,2.450000047683716,1336100,False,4,0.602,6601808.0,19064471.0,10963740.0,13,7,False,False,4,50.29,False,True,0.0395,0.0466,False,True,True,False,False,0,-0.0001462,0.0001048,False,-17.24,12.39
CGAU,2026-01-16,0,8,16.059999465942383,1558300,False,0,1.036,1264156.0,1184036.0,1220090.0,9,11,True,False,5,64.71,False,True,0.0505,0.0543,False,True,True,True,False,3,0.00023854,1.838e-05,False,4.82,16.29
CGON,2026-01-16,0,8,53.06999969482422,781600,False,5,0.872,1152567.0,1394193.0,1321705.0,6,14,True,False,0,74.68,False,False,1.582,1.7395,False,True,True,False,False,3,2.783e-05,0.00043768,False,-1.82,42.01
CHDN,2026-01-16,0,8,107.48999786376953,811200,False,0,1.02,703508.0,665000.0,690030.0,13,7,False,False,5,35.44,True,False,-1.1193,-1.2504,True,False,True,False,False,3,0.00026301,0.00161983,False,-0.43,-8.42
CHWY,2026-01-16,0,8,32.77000045776367,6288900,False,0,1.004,7042709.0,6980189.0,7014575.0,11,9,False,False,5,54.27,True,True,0.0938,0.0886,False,True,True,False,False,3,-4.626e-05,-0.00041625,False,2.13,-0.06
BFRG,2026-01-16,0,7,0.7590000033378601,463800,False,0,1.319,1958214.0,378433.0,1484280.0,14,6,False,False,3,26.28,True,False,-0.0171,-0.0237,True,False,True,False,False,4,-1.775e-05,6.463e-05,True,-5.45,-22.94
BHF,2026-01-16,0,7,64.08999633789062,928600,False,0,1.075,928879.0,712567.0,863985.0,14,6,False,False,3,36.8,False,False,-0.2464,-0.2641,True,False,True,False,False,4,-0.00014514,0.00016695,True,-0.68,-1.63
BITB,2026-01-16,0,7,51.720001220703125,2454200,False,4,0.961,2748333.0,3029288.0,2860715.0,12,8,True,False,1,67.62,False,False,0.5899,0.6193,False,True,True,True,False,2,0.00136393,0.00035625,False,5.81,10.92
BITU,2026-01-16,0,7,25.81999969482422,5175300,False,4,0.974,4479942.0,4779675.0,4599835.0,12,8,True,False,1,65.94,False,False,0.6101,0.6427,False,True,True,True,False,2,0.00125786,0.00026455,False,11.17,20.48
BITX,2026-01-16,0,7,32.4900016784668,9630200,False,4,0.983,9592967.0,10014100.0,9761420.0,12,8,True,False,1,66.07,False,False,0.771,0.8091,False,True,True,True,False,2,0.00159247,0.00036886,False,11.34,20.51
BMRN,2026-01-16,0,7,55.06999969482422,1731100,False,3,0.739,2220391.0,3961211.0,3003760.0,11,9,False,False,0,30.16,False,False,-0.6622,-0.5452,False,False,False,False,False,4,-0.00125448,-5.97e-06,False,-6.32,6.31
BTX,2026-01-16,0,7,6.929999828338623,1142500,False,0,1.281,1276500.0,926231.0,996285.0,4,16,True,False,3,67.19,False,False,0.0232,0.0203,False,True,True,True,False,4,6.112e-05,5.428e-05,False,2.18,10.0
CAI,2026-01-16,1,7,27.1200008392334,2869500,False,1,0.958,2182611.0,2358445.0,2279320.0,9,11,False,True,6,44.06,False,True,-0.1441,-0.1796,True,False,True,True,False,0,-0.00023549,0.00056211,False,-4.61,-0.26
CAKE,2026-01-16,0,7,60.75,1511100,False,4,0.913,1167750.0,1306812.0,1279000.0,4,16,True,False,1,77.95,False,False,0.7151,0.7474,False,True,True,True,False,2,0.00104578,0.00081747,False,5.71,20.87
CARR,2026-01-16,0,7,55.54999923706055,4935200,False,0,1.024,6177370.0,5888000.0,6032685.0,10,10,True,False,2,62.48,False,True,0.3179,0.3327,False,True,True,False,False,5,-7.214e-05,0.00033353,False,-0.98,6.01
CAT,2026-01-16,0,7,647.1799926757812,2051900,False,4,0.947,2195888.0,2401475.0,2319240.0,8,12,True,False,1,72.92,False,False,4.6847,4.2527,False,True,True,True,False,2,0.01094153,0.00870634,False,5.05,15.18
CB,2026-01-16,0,7,301.1099853515625,1228800,False,2,0.896,1405292.0,1813025.0,1568385.0,12,8,False,False,1,34.06,False,False,-2.0697,-2.0392,False,False,False,True,False,4,-0.00191905,0.00078233,True,-1.59,-3.79
CDLX,2026-01-16,0,7,1.2400000095367432,462100,False,2,0.834,834388.0,1110308.0,999940.0,8,12,False,False,4,51.09,False,True,0.0141,0.0218,False,True,True,False,False,1,-2.946e-05,1.639e-05,False,-7.88,28.9
CEF,2026-01-16,0,7,52.439998626708984,1879000,False,4,0.963,1541357.0,1631223.0,1599770.0,7,13,True,False,1,65.27,False,False,0.3273,0.3047,False,True,True,True,False,2,0.0014942,0.00115017,False,7.66,17.29
CGTX,2026-01-16,0,7,1.3799999952316284,674800,False,1,0.925,853123.0,1051157.0,922435.0,13,7,False,False,5,43.33,True,True,0.0027,0.0052,False,True,True,False,False,1,-1.337e-05,-3.384e-05,False,-1.86,-5.48
CHGG,2026-01-16,0,7,0.8799999952316284,627000,False,1,0.925,1035912.0,1176642.0,1120350.0,8,12,False,False,2,46.15,False,True,-0.0033,-0.0023,False,False,False,False,False,4,-2.437e-05,1.582e-05,True,-7.1,-1.12
CLX,2026-01-16,1,7,111.2300033569336,1971400,False,0,1.262,3035640.0,2195547.0,2405570.0,5,15,True,False,1,94.23,False,False,1.5022,1.4603,False,True,True,True,True,6,0.00228573,0.00188524,False,5.01,9.56
BKV,2026-01-16,0,6,25.5,766400,False,2,0.865,623055.0,838844.0,720160.0,11,9,False,False,3,27.68,False,False,-0.205,-0.2069,True,False,True,False,False,1,-8.592e-05,-0.00035576,False,-0.9,-2.67
BLNE,2026-01-16,0,6,2.759999990463257,1629500,False,0,1.122,769550.0,601770.0,685660.0,10,10,True,False,3,72.42,True,False,0.0915,0.0601,False,True,True,True,False,3,0.00022773,0.00035754,False,34.9,45.26
BOIL,2026-01-16,0,6,16.1299991607666,13818900,False,0,1.079,12981700.0,11091410.0,12036555.0,10,10,False,False,3,30.41,False,False,-0.2547,-0.2912,True,False,True,False,False,3,-7.607e-05,-0.00175444,False,2.81,-39.29
BOOT,2026-01-16,0,6,187.39999389648438,621400,False,2,0.869,543590.0,707660.0,625625.0,10,10,False,False,4,48.45,False,True,0.0159,0.3901,False,True,True,False,False,0,-0.00395469,-0.00447973,False,-3.96,-4.05
BOXL,2026-01-16,0,6,1.309999942779541,763700,False,3,0.787,564115.0,1325938.0,716479.0,16,4,False,False,3,13.24,True,False,0.0899,0.0896,False,True,True,True,False,0,-0.00014449,-0.00026457,False,-22.68,-68.4
BRCC,2026-01-16,0,6,0.9909999966621399,1147000,False,1,0.98,984275.0,1034962.0,1004550.0,12,8,False,False,4,27.23,True,False,-0.0084,-0.0097,True,False,True,True,False,1,-1.238e-05,-4.815e-05,False,-1.62,-18.1
BULL,2026-01-16,0,6,8.180000305175781,13449600,False,1,0.917,13052955.0,15686544.0,14238070.0,11,9,False,False,4,45.71,False,True,0.0456,0.056,False,True,True,False,False,1,-5.024e-05,5.82e-06,False,-3.05,-2.27
CABA,2026-01-16,0,6,2.0799999237060547,1269600,False,0,1.058,1913818.0,1679444.0,1808350.0,11,9,False,False,5,43.82,True,True,-0.0012,0.0015,False,False,False,False,False,1,-1.066e-05,-4.714e-05,False,-0.69,-10.73
CCL,2026-01-16,0,6,29.440000534057617,19714200,False,2,0.82,17323055.0,25789633.0,21133015.0,11,9,False,False,0,35.97,False,False,-0.3025,-0.1831,False,False,False,False,False,4,-0.00092823,-0.00107019,False,-8.11,5.03
CDNS,2026-01-16,0,6,320.6000061035156,2395100,False,0,1.166,1915560.0,1370810.0,1643185.0,10,10,True,False,2,52.03,False,True,0.7467,0.7286,False,True,True,False,False,4,-0.0031512,-0.00126222,False,-1.79,2.42
CGEM,2026-01-16,0,6,10.65999984741211,535900,False,0,1.05,919890.0,832470.0,876180.0,10,10,True,False,5,55.71,False,True,0.0111,0.0226,False,True,True,True,False,1,-1.276e-05,-3.347e-05,False,-1.94,11.16
CGEN,2026-01-16,0,6,2.109999895095825,2419900,False,0,1.035,687343.0,651923.0,664320.0,7,13,True,False,3,80.0,True,False,0.062,0.0563,False,True,True,True,False,3,6.986e-05,0.00010426,False,12.5,38.82
CGGR,2026-01-16,0,6,44.869998931884766,4337600,False,0,1.081,3321191.0,2769989.0,3073150.0,11,9,False,False,2,45.52,False,True,-0.0351,-0.0033,False,False,False,False,False,4,-0.00021039,-0.00026725,False,-1.16,3.55
CHYM,2026-01-16,0,6,25.84000015258789,2193500,False,0,1.048,3315090.0,3013440.0,3164265.0,10,10,False,False,2,45.58,False,True,-0.3166,-0.2523,False,False,False,False,False,4,-0.00083011,-0.00059305,False,-6.65,4.62
CIFR,2026-01-16,0,6,17.520000457763672,31947400,False,0,1.078,26759909.0,22447500.0,24819325.0,11,9,True,False,4,56.39,True,True,0.274,0.316,False,True,True,True,False,2,0.00035267,-0.0004982,False,5.62,21.75
CLS,2026-01-16,0,6,313.5299987792969,2003200,False,0,1.127,2500338.0,2030342.0,2218340.0,8,12,True,False,3,52.04,False,True,2.2458,2.3347,False,True,True,True,False,3,0.00311457,-0.01033269,False,3.98,13.67
CMCT,2026-01-16,0,6,3.190000057220459,50900,False,0,1.872,5815070.0,398670.0,3106870.0,10,10,False,False,2,30.0,False,False,0.0367,0.0412,False,True,True,False,False,4,-0.00012823,-2.375e-05,False,-9.88,3.91
CNR,2026-01-16,0,6,98.0199966430664,725600,False,0,1.13,781271.0,643023.0,691410.0,7,13,True,False,1,75.18,True,False,0.6885,0.7398,False,True,True,True,False,5,0.00063922,0.0010426,False,1.97,17.07
BFH,2026-01-16,0,5,70.6500015258789,1284800,False,1,0.99,878691.0,897811.0,887295.0,11,9,False,False,0,37.61,False,False,-1.3119,-1.2656,False,False,False,False,False,4,-0.00307506,0.00073234,True,-11.82,-7.45
BLDR,2026-01-16,0,5,128.9600067138672,2075800,False,0,1.074,1995820.0,1813307.0,1858935.0,5,15,True,False,1,80.56,False,False,2.7503,2.6772,False,True,True,True,False,4,0.00179457,0.0031603,False,3.71,24.59
BRBR,2026-01-16,0,5,24.31999969482422,4263500,False,0,1.118,4133417.0,3041975.0,3696840.0,12,8,False,False,4,25.73,False,False,-0.1807,-0.313,True,False,True,True,False,1,-9.74e-06,0.00093241,False,-1.75,-18.83
BWX,2026-01-16,0,5,22.31999969482422,261500,False,1,0.991,637300.0,648230.0,642765.0,10,10,False,False,1,26.56,False,False,-0.0199,-0.0166,False,False,False,True,False,3,1.348e-05,2.835e-05,False,-0.05,-0.62
CCTG,2026-01-16,0,5,0.11599999666213989,2477500,False,0,1.047,22202470.0,20190520.0,21196495.0,10,10,False,False,4,36.42,True,False,0.0093,0.0102,False,True,True,False,False,1,-9.01e-06,-7.74e-06,False,-16.88,-38.3
CEP,2026-01-16,0,5,14.270000457763672,2715242,False,0,1.045,557266.0,488931.0,533349.0,13,7,False,False,3,52.27,False,True,0.2922,0.2309,False,True,True,False,False,2,0.00088528,-0.0001569,False,13.94,-10.98
CLDX,2026-01-16,0,5,25.690000534057617,728700,False,2,0.811,620433.0,884045.0,765420.0,9,11,False,False,3,43.75,False,True,-0.1114,-0.0755,False,False,False,True,False,0,-0.00034469,-0.00013205,False,-5.91,-0.31
CNC,2026-01-16,0,5,47.27000045776367,4919100,False,0,1.081,6059557.0,5361208.0,5605630.0,7,13,True,False,0,87.58,False,False,0.3025,0.3221,False,True,True,False,False,5,0.00024072,0.00116356,False,1.68,21.61
BIIB,2026-01-16,0,4,168.57000732421875,1562600,False,2,0.83,1884556.0,2584782.0,2269680.0,9,11,False,False,2,40.47,False,True,-1.406,-0.7597,False,False,False,False,False,0,-0.00753927,-0.00674389,False,-9.89,-2.05
BITI,2026-01-16,0,4,21.229999542236328,1933600,False,1,0.922,2098789.0,2423182.0,2277205.0,9,11,False,False,3,31.74,False,False,-0.2426,-0.2528,True,False,True,False,False,0,-0.00052614,-9.591e-05,False,-5.21,-9.99
BRO,2026-01-16,0,4,79.75,2101500,False,0,1.095,2885070.0,2386280.0,2635675.0,10,10,False,False,4,45.38,False,True,0.0116,-0.0057,False,True,True,False,False,0,-0.00014216,0.00062432,False,-0.84,-1.08
BROS,2026-01-16,0,4,61.13999938964844,3288500,False,1,0.923,2730818.0,3238511.0,2959280.0,11,9,False,False,3,40.16,True,True,-0.3997,-0.3652,False,False,False,False,False,0,-0.00013027,0.00019829,False,-1.71,-2.97
BSLK,2026-01-16,0,4,0.27900001406669617,150900,False,0,1.177,1693519.0,418200.0,1438455.0,16,4,False,False,3,2.9,False,False,-0.0217,-0.036,True,False,True,False,False,1,-3.149e-05,-2.19e-05,False,-20.25,-82.67
BTCZ,2026-01-16,0,4,3.484999895095825,19212600,False,1,0.984,20044275.0,20582817.0,20367400.0,8,12,False,False,3,29.73,False,False,-0.0823,-0.0854,True,False,True,False,False,0,-0.0001877,-5.21e-05,False,-10.61,-20.8
BURL,2026-01-16,0,4,306.2799987792969,415300,False,0,1.006,795625.0,789931.0,791070.0,4,16,True,False,0,65.57,False,False,0.4984,0.8638,False,True,True,False,False,4,0.00101186,-0.00240932,False,0.57,14.21
CAR,2026-01-16,0,4,124.56999969482422,311500,False,1,0.936,523885.0,626400.0,559765.0,13,7,False,False,3,28.04,False,False,-0.3105,-0.312,True,False,True,False,False,0,-0.00145068,-0.0002412,False,-2.81,-4.43
CDIO,2026-01-16,0,4,1.7599999904632568,107200,False,0,1.636,1848508.0,52288.0,1130020.0,12,8,False,False,3,13.6,False,False,-0.1271,-0.1319,True,False,True,False,False,1,-9.767e-05,-4.765e-05,False,-13.88,-37.59
CDW,2026-01-16,0,4,132.2899932861328,2564400,False,0,1.337,2635055.0,1160289.0,1971410.0,11,9,False,False,4,34.83,True,False,-0.0671,-0.125,True,False,True,True,False,0,-0.00030559,-0.0014541,False,-0.64,-7.93
CENX,2026-01-16,0,4,48.4900016784668,2333700,False,0,1.067,2154950.0,1984806.0,2018835.0,4,16,True,False,1,76.97,False,False,0.5251,0.5424,False,True,True,True,False,3,0.00102261,0.00162675,False,6.39,50.97
CHOW,2026-01-16,0,4,0.7170000076293945,336200,False,0,2.008,9717011.0,846264.0,4838100.0,9,11,False,False,3,42.99,True,True,0.3001,0.2966,False,True,True,False,False,1,-1.042e-05,-1.255e-05,False,-0.43,-30.39
CISS,2026-01-16,0,4,0.13699999451637268,4124300,False,1,0.991,1808544.0,1886900.0,1824215.0,16,4,False,False,2,21.83,False,False,0.0496,0.0509,False,True,True,False,False,1,-3.144e-05,-8.43e-06,False,-37.18,-36.28
CNTX,2026-01-16,0,4,1.5199999809265137,831400,False,0,1.405,2225825.0,1156475.0,1584215.0,8,12,True,False,3,71.26,True,False,0.0053,0.0129,False,True,True,True,False,1,-1.17e-05,1.684e-05,False,-5.33,35.71
BLSH,2026-01-16,0,3,37.70000076293945,1665300,False,1,0.973,1521610.0,1607350.0,1564480.0,10,10,False,False,2,35.37,True,False,-0.0682,-0.0026,False,False,False,False,False,0,-0.00018223,-0.00064623,False,-1.56,-10.56
BNRG,2026-01-16,0,3,0.49300000071525574,47500,False,0,1.615,1500950.0,357520.0,929235.0,10,10,False,False,2,35.05,False,False,0.0153,0.0147,False,True,True,False,False,1,-1.337e-05,-6.42e-06,False,-8.27,-22.97
BRKR,2026-01-16,0,3,49.459999084472656,3385300,False,1,0.919,2095380.0,2465020.0,2280200.0,10,10,False,False,2,54.21,False,True,-0.1993,-0.0248,False,False,False,False,False,0,-0.0019682,-0.00094461,False,-8.92,11.37
BTC,2026-01-16,0,3,42.150001525878906,3406100,False,0,1.011,2899691.0,2832000.0,2869230.0,11,9,True,False,1,67.81,False,False,0.4822,0.5053,False,True,True,True,False,2,0.00111066,0.00030497,False,5.8,10.98
CCUP,2026-01-16,0,3,3.9800000190734863,1294400,False,0,1.094,872970.0,723090.0,798030.0,10,10,False,False,3,37.63,False,False,0.078,0.1376,False,True,True,True,False,0,-0.00017364,-0.00057022,False,-15.41,-9.55
BIRK,2026-01-16,0,2,40.61000061035156,3450400,False,0,1.011,3365467.0,3276662.0,3329945.0,12,8,False,False,2,40.91,False,True,-0.1208,0.011,False,False,False,False,False,0,-0.00083857,-0.00143437,False,-6.29,-12.48
BSX,2026-01-16,0,2,90.02999877929688,27905000,False,2,0.89,8066780.0,10069840.0,9068310.0,10,10,False,False,0,28.94,False,False,-0.405,-0.0687,False,False,False,False,False,0,-0.00231535,-0.00281867,False,-7.53,-4.71
BSY,2026-01-16,0,2,39.06999969482422,2297500,False,0,1.008,2189827.0,2153267.0,2173375.0,11,9,False,False,2,51.85,False,True,0.2368,0.2839,False,True,True,False,False,0,-0.00035287,-0.00021884,False,-2.38,-2.52
CARS,2026-01-16,0,2,12.029999732971191,380800,False,0,1.021,765492.0,725388.0,749450.0,12,8,False,False,2,38.02,True,False,-0.0851,-0.0809,False,False,False,False,False,0,-0.00019052,-8.894e-05,False,-4.03,-10.09
CNO,2026-01-16,0,2,42.099998474121094,493300,False,2,0.877,493486.0,599623.0,562475.0,7,13,False,False,0,36.06,False,False,-0.2076,-0.1715,False,False,False,False,False,0,-0.00037346,-5.01e-06,False,-2.73,-2.25
BRZE,2026-01-16,0,1,25.479999542236328,4110300,False,1,0.992,1815546.0,1855457.0,1829515.0,13,7,False,False,0,6.11,False,False,-1.0138,-0.8846,False,False,False,False,False,0,-0.00170322,-0.00259717,False,-15.0,-26.61
BTOG,2026-01-16,0,1,0.11500000208616257,20624200,False,0,1.138,3083375.0,2151062.0,2710450.0,12,8,False,False,0,31.07,True,False,-0.0005,0.0042,False,False,False,False,False,1,-1.629e-05,-5.387e-05,False,-35.85,-44.98
CARG,2026-01-16,0,1,34.7400016784668,898200,False,1,0.975,816475.0,851233.0,837330.0,8,12,False,False,0,23.77,False,False,-0.5003,-0.3957,False,False,False,False,False,0,-0.00165945,-0.00109057,False,-10.29,-9.06
CATX,2026-01-16,0,1,2.4800000190734863,1023300,False,0,1.151,1430862.0,1117717.0,1242975.0,8,12,False,False,0,37.78,False,False,-0.0408,-0.0341,False,False,False,False,False,1,-6.902e-05,-1.767e-05,False,-12.41,-4.25
CMRC,2026-01-16,0,1,3.9100000858306885,721300,False,0,1.07,754100.0,612943.0,704695.0,13,7,False,False,0,31.43,False,False,-0.0113,-0.0039,False,False,False,False,False,1,-5.351e-05,-9.467e-05,False,-3.19,-8.0
BFAM,2026-01-16,0,0,97.01000213623047,735000,False,0,1.141,603290.0,454200.0,528745.0,10,10,False,False,0,39.38,False,False,-0.555,-0.4118,False,False,False,False,False,0,-0.00211602,-0.00164001,False,-5.06,-7.19
BILL,2026-01-16,0,0,48.25,3408500,False,0,1.123,2719900.0,2057056.0,2421620.0,11,9,False,False,0,31.11,False,False,-0.7961,-0.5896,False,False,False,False,False,0,-0.00219579,-0.00209245,False,-11.17,-9.42
BL,2026-01-16,0,0,52.43000030517578,1620600,False,0,1.113,752364.0,582689.0,676010.0,11,9,False,False,0,34.02,False,False,-0.4055,-0.2779,False,False,False,False,False,0,-0.00176615,-0.00215786,False,-7.09,-8.9
BOX,2026-01-16,0,0,26.56999969482422,4223100,False,0,1.119,2605880.0,2052840.0,2329360.0,10,10,False,False,0,30.09,False,False,-0.2624,-0.1654,False,False,False,False,False,0,-0.00118814,-0.00112521,False,-10.31,-11.96
BR,2026-01-16,0,0,219.36000061035156,988500,False,0,1.045,691136.0,624678.0,661230.0,11,9,False,False,0,29.02,False,False,-0.4055,-0.3377,False,False,False,False,False,0,-0.00106085,-0.00098387,False,-1.53,-4.11
BRSL,2026-01-16,0,0,14.609999656677246,1697300,False,0,1.044,1644100.0,1490678.0,1575060.0,11,9,False,False,0,30.08,False,False,-0.0907,-0.0893,False,False,False,False,False,0,-0.00017734,-3.438e-05,False,-3.17,-6.82
CART,2026-01-16,0,0,39.810001373291016,7948900,False,0,1.083,4814908.0,3761829.0,4446330.0,13,7,False,False,0,18.53,False,False,-0.6669,-0.6189,False,False,False,False,False,0,-0.00047174,-0.00099601,False,-3.04,-12.79
CHTR,2026-01-16,0,0,194.61000061035156,2116000,False,0,1.124,2015590.0,1571240.0,1793415.0,10,10,False,False,0,32.61,False,False,-1.0336,-0.4775,False,False,False,False,False,0,-0.00487697,-0.00205389,False,-7.32,-7.18
CLBT,2026-01-16,0,0,17.40999984741211,1304700,False,0,1.002,749955.0,746267.0,748295.0,11,9,False,False,0,31.05,False,False,-0.1325,-0.1066,False,False,False,False,False,0,-0.00034367,-0.00039748,False,-5.42,-5.28
CLYM,2026-01-16,0,0,3.7699999809265137,624000,False,0,1.028,1091317.0,1017312.0,1061715.0,12,8,False,False,0,37.2,False,False,-0.1222,-0.0886,False,False,False,False,False,0,-0.00046269,-0.00025345,False,-24.79,-11.29
